id, product_id, body, date_written, asker_name, asker_email, reported, helpful
1,1,"What fabric is the top made of?","2018-01-04","yankeelover","first.last@gmail.com",0,1
2,1,"HEY THIS IS A WEIRD QUESTION!!!!?","2019-04-28","jbilas","first.last@gmail.com",1,4
3,1,"Does this product run big or small?","2019-01-17","jbilas","first.last@gmail.com",0,8
4,1,"How long does it last?","2019-07-06","funnygirl","first.last@gmail.com",0,6
5,1,"Can I wash it?","2018-02-08","cleopatra","first.last@gmail.com",0,7
6,1,"Is it noise cancelling?","2018-08-12","coolkid","first.last@gmail.com",1,19
7,2,"Where is this product made?","2018-01-24","iluvcatz","first.last@gmail.com",0,0
8,2,"Is this product sustainable?","2018-07-12","coolkid","first.last@gmail.com",1,5
9,2,"I'm allergic to dye #17, does this product contain any?","2019-01-24","l33tgamer","first.last@gmail.com",0,6
10,2,"Why is this product cheaper here than other sites?","2018-04-24","toofast","first.last@gmail.com",0,5
11,2,"Where does this product ship from?","2018-01-06","jbilas","first.last@gmail.com",0,24
12,2,"Does this product run big or small?","2018-11-17","iluvcatz","first.last@gmail.com",0,2
13,2,"What fabric is the bottom made of?","2019-02-18","cleopatra","first.last@gmail.com",0,7
14,2,"Where is this product made?","2018-10-04","jbilas","first.last@gmail.com",0,4
15,2,"What fabric is the side made of?","2018-11-12","funnygirl","first.last@gmail.com",0,1
16,3,"How long does it last?","2018-08-24","funnygirl","first.last@gmail.com",0,0
17,3,"Does this product run big or small?","2018-11-12","coolkid","first.last@gmail.com",0,8
18,3,"Can I wash it?","2018-07-06","jbilas","first.last@gmail.com",0,5
19,3,"Why is this product cheaper here than other sites?","2018-11-28","jbilas","first.last@gmail.com",0,6
20,3,"What fabric is the front made of?","2018-11-08","internethistorian","first.last@gmail.com",0,1
21,3,"Is it noise cancelling?","2019-04-12","jbilas","first.last@gmail.com",1,4
22,3,"Is this product sustainable?","2018-09-04","cleopatra","first.last@gmail.com",0,12
23,3,"What fabric is the bottom made of?","2018-02-18","iluvcatz","first.last@gmail.com",0,6
24,3,"Where does this product ship from?","2017-11-04","toofast","first.last@gmail.com",0,17
25,3,"Where is this product made?","2018-08-12","thegrimreaker","first.last@gmail.com",0,9
26,3,"I'm allergic to dye #17, does this product contain any?","2018-10-08","rhcp81","first.last@gmail.com",0,0
27,3,"What fabric is the back made of?","2018-04-12","wildchild","first.last@gmail.com",0,5
28,3,"Can I wash it?","2019-11-17","coolkid","first.last@cbs.com",1,6
29,3,"What fabric is the top made of?","2018-11-08","wonderwoman","first.last@gmail.com",0,5
30,3,"Why is this product cheaper here than other sites?","2018-07-28","l33tgamer","first.last@gmail.com",0,4
31,4,"Where is this product made?","2017-02-06","cleopatra","first.last@gmail.com",0,2
32,4,"What fabric is the bottom made of?","2018-09-12","iluvcatz","first.last@gmail.com",0,7
33,4,"Why is this product cheaper here than other sites?","2017-08-12","toofast","first.last@gmail.com",0,4
34,5,"Can I wash it?","2017-01-04","luaulover","first.last@cbs.com",0,1
35,5,"Where is this product made?","2018-07-06","bballfan","first.last@gmail.com",0,0
36,5,"What fabric is the top made of?","2018-06-17","funnygirl","first.last@gmail.com",0,1
37,5,"Why is this product cheaper here than other sites?","2018-10-18","willsmith","first.last@gmail.com",0,4
38,5,"How long does it last?","2019-06-28","funnygirl","first.last@gmail.com",0,2
39,6,"Does this product run big or small?","2018-04-04","smithsmith","first.last@gmail.com",0,6
40,6,"Why is this product cheaper here than other sites?","2018-06-08","toofast","first.last@gmail.com",0,7
41,7,"What fabric is the top made of?","2019-08-18","coolkid","first.last@gmail.com",0,9
42,7,"How long does it last?","2018-06-17","jbilas","first.last@gmail.com",1,0
43,7,"Why is this product cheaper here than other sites?","2019-02-04","l33tgamer","first.last@gmail.com",0,5
44,8,"What fabric is the top made of?","2018-02-12","mrmrs","first.last@gmail.com",0,6
45,8,"Where is this product made?","2019-06-12","iluvcatz","first.last@aol.com",0,5
46,8,"Can I wash it?","2018-09-24","cleopatra","first.last@aol.com",0,4
47,8,"Why is this product cheaper here than other sites?","2019-04-04","h@ckerwhiz","first.last@cbs.com",0,2
48,8,"How long does it last?","2018-09-12","l33tgamer","first.last@gmail.com",0,7
49,8,"Does this product run big or small?","2018-08-04","jbilas","first.last@gmail.com",0,4
50,9,"What fabric is the bottom made of?","2019-06-28","l33tgamer","first.last@gmail.com",0,1
51,9,"Where is this product made?","2019-04-04","funnygirl","first.last@gmail.com",1,40
52,10,"HI GUYS?","2019-01-12","iluvcatz","first.last@gmail.com",1,0
53,10,"Where is this product made?","2018-02-28","funnygirl","first.last@gmail.com",0,15
54,10,"What fabric is the top made of?","2019-09-12","l33tgamer","first.last@gmail.com",0,6
55,12,"Earum sunt nisi earum voluptatem rerum.","2019-02-14","Briana28","Esteban4@gmail.com",0,11
56,12,"Maiores velit repellat deserunt pariatur aut et.","2018-11-27","Wava5","Earline18@yahoo.com",0,26
57,12,"Minima veniam voluptas.","2019-04-28","Gia.Macejkovic14","Kaylie_Pagac48@hotmail.com",0,11
58,12,"Consequatur saepe consequatur architecto rerum facilis non.","2018-08-11","Israel.Williamson23","Mariah95@hotmail.com",0,29
59,14,"Tenetur aut vitae ex provident enim quo unde blanditiis.","2019-01-27","Wilton.Lakin60","Laney89@yahoo.com",0,2
60,14,"Exercitationem autem vero ducimus blanditiis corrupti distinctio.","2019-01-30","Melany92","Haven.Considine@hotmail.com",0,21
61,14,"Illum rerum voluptatem ullam voluptates.","2019-01-14","Manuel.Miller","Wellington_Koch@gmail.com",0,27
62,14,"Dolor veritatis dolorum in aut voluptatem et velit accusantium assumenda.","2019-07-12","Amani.Hayes","Kiley_Dibbert@gmail.com",0,5
63,14,"Sit labore reprehenderit saepe labore deleniti.","2018-09-03","Verner24","Stefanie_Veum72@yahoo.com",0,0
64,14,"Laboriosam sapiente qui corrupti iusto aut et.","2018-11-02","Wilma.Schultz","Vella55@gmail.com",0,15
65,15,"Quas rerum sapiente illo aperiam quisquam.","2019-03-31","Ashly47","Marlin7@gmail.com",0,25
66,15,"Aperiam dignissimos ipsa quam at.","2019-02-03","Vernice96","Russell.Hettinger63@yahoo.com",0,10
67,15,"Minima est reiciendis.","2018-09-22","Rosalind.Stanton80","Narciso.Murphy66@yahoo.com",0,24
68,16,"Id velit sint quaerat voluptatum enim.","2018-10-14","Theresa_Raynor","Rosina.Rolfson@yahoo.com",0,9
69,16,"Fugiat aut ducimus dolore voluptatem dolorem officia repellendus earum consectetur.","2018-08-23","Benny.Wehner","Jacquelyn_Krajcik@yahoo.com",0,8
70,16,"Similique quas quae nobis et eius libero aut.","2018-09-23","Rhoda97","Hoyt_Bradtke@yahoo.com",0,22
71,16,"Sapiente aut veritatis voluptatem error in facilis id tenetur.","2018-07-30","Beatrice.Wintheiser","Clovis94@hotmail.com",0,21
72,17,"Beatae id qui.","2018-08-13","Virgie81","Abigail_Bins@gmail.com",0,8
73,17,"Unde est aut nobis.","2019-05-24","Joelle.Prosacco","Guillermo62@hotmail.com",0,26
74,18,"Quibusdam id quas sint aperiam repudiandae officia pariatur et.","2019-06-20","Moshe.Mann","Millie.Murray@gmail.com",0,24
75,19,"Esse eligendi nobis neque consequatur.","2018-12-11","Austyn_Robel56","Chanel71@yahoo.com",0,27
76,19,"Dicta laborum velit.","2018-11-01","Arlo.Denesik79","Monserrate_Harris@gmail.com",0,27
77,20,"Magnam voluptates adipisci at non at non ullam.","2018-08-03","Louie_Ryan","Letha51@yahoo.com",0,23
78,20,"Et sint dolor laborum et eius consequatur ducimus facilis iusto.","2019-05-30","Sydnee_Hartmann34","Cordell75@yahoo.com",0,28
79,21,"Perspiciatis eum molestiae qui doloribus.","2018-10-18","Randi.Zboncak65","Cassandra10@yahoo.com",1,26
80,22,"Mollitia eius eum.","2019-02-10","Jordon13","Piper55@hotmail.com",0,1
81,23,"Dicta et veritatis maxime velit accusantium voluptatem odio ea velit.","2019-07-01","Jacynthe_Block","Muriel.Nikolaus@yahoo.com",0,28
82,23,"Et totam placeat illum rerum.","2018-08-02","Lura5","Letha92@hotmail.com",1,28
83,24,"Alias sit odio qui ullam iure nemo quia qui ut.","2019-07-21","Henry_Larkin32","Tressa_Kirlin@yahoo.com",0,16
84,24,"Assumenda mollitia modi laboriosam assumenda.","2019-02-14","Otho82","Porter11@yahoo.com",0,9
85,24,"Veritatis minus autem.","2019-03-07","Osbaldo94","Camilla_Kling8@gmail.com",0,16
86,25,"Sint magnam rem suscipit consectetur suscipit.","2019-01-27","Mozelle89","Brianne.Becker67@hotmail.com",0,25
87,25,"Eum enim voluptates unde aliquam reprehenderit corporis nihil.","2019-07-11","Santos19","Dameon66@yahoo.com",0,24
88,25,"Aliquam hic magni molestiae sit ipsum quibusdam sed maxime magnam.","2018-12-28","Zelma_Gleason36","Pat.Wyman@yahoo.com",0,13
89,25,"Omnis nisi eligendi enim eveniet.","2018-08-31","Clara.Koss93","Savannah_Carter@hotmail.com",0,6
90,25,"Ipsum minima dolores impedit.","2019-04-20","Norberto.Murazik32","Fausto84@hotmail.com",0,23
91,25,"Nesciunt a tempore quas sunt.","2019-04-11","Janiya76","Isabelle.Treutel57@hotmail.com",0,9
92,26,"Libero quia necessitatibus nobis mollitia quia.","2018-12-22","Rozella_Wisoky9","Colten.Pagac87@hotmail.com",0,13
93,26,"Incidunt impedit iure sint non animi.","2018-12-26","Michael1","Preston.Kemmer88@gmail.com",0,19
94,27,"Quam et et voluptatem sed magni repellendus laboriosam perferendis sit.","2018-10-15","Emely4","Kristy_Simonis@gmail.com",0,17
95,27,"Provident iusto laborum.","2019-03-02","Clifton5","Owen_Monahan@yahoo.com",0,13
96,27,"Aut incidunt vero quo illo veniam.","2018-10-02","Kyle.Considine","Ruthie.Lemke@gmail.com",0,15
97,28,"Ex placeat sit illum reiciendis consequatur hic nam vel id.","2019-03-12","Nellie_Bechtelar","Beverly80@yahoo.com",0,9
98,28,"Nisi esse reprehenderit in.","2018-09-15","Amani8","Dianna.Reinger17@hotmail.com",0,22
99,29,"Error nihil delectus tempora dolores asperiores.","2019-04-14","Taryn.Lebsack24","Avery.Gerhold34@gmail.com",0,5
100,30,"Ipsum assumenda ipsum.","2019-07-13","Collin.Cruickshank61","Winston.Abernathy49@yahoo.com",0,0
101,30,"Rerum provident sit aliquid qui aperiam et ab soluta.","2019-03-02","Anastasia_Bogisich9","Lucile_Gaylord52@yahoo.com",0,18
102,30,"Ex aperiam ea explicabo quidem cumque atque.","2019-01-31","Sydney_Pagac75","Dixie_Orn66@yahoo.com",0,1
103,30,"Enim quidem nulla ipsam assumenda quibusdam.","2018-11-02","Monique.Zboncak53","Karina44@hotmail.com",0,2
104,30,"Error consectetur cumque molestiae sit saepe sed nobis in consequatur.","2019-02-10","Camden10","Vincenzo93@gmail.com",0,2
105,30,"Delectus modi ducimus sunt.","2018-09-27","Bertha.Kilback","Jeff95@yahoo.com",0,29
106,30,"Aperiam facilis quam.","2019-06-26","Duane31","Joany.Blanda@yahoo.com",0,26
107,32,"Porro expedita tempora.","2018-12-15","Dulce.Jakubowski","Hector95@gmail.com",1,22
108,32,"Unde quasi harum incidunt ratione.","2019-06-21","Brad.Mosciski14","Lenora69@yahoo.com",0,25
109,32,"Voluptatem molestias voluptatibus vel accusamus.","2018-12-06","Jimmie_Muller","Loyce54@hotmail.com",0,1
110,33,"A inventore voluptatem qui modi.","2018-10-03","Candace_Fay59","Ocie.Fisher44@hotmail.com",0,13
111,33,"Sint et recusandae facilis magni aut voluptatem exercitationem facere dignissimos.","2018-08-15","Camron66","Miller.Upton45@yahoo.com",0,18
112,33,"Sint enim eos velit animi facere unde numquam at illum.","2018-09-25","Howard17","Deja43@yahoo.com",0,17
113,35,"Enim aut est consectetur numquam iste deleniti earum unde.","2018-11-11","Rudy_Graham7","Florencio_Koelpin20@yahoo.com",0,5
114,35,"Iste molestias provident quod.","2018-08-15","Betsy35","Telly17@gmail.com",0,10
115,36,"Non rerum voluptas autem quo quo.","2018-11-08","Monica.Halvorson48","Sister_Kulas92@gmail.com",0,10
116,36,"Exercitationem omnis et.","2018-08-23","Kristian.Larkin","Abigail24@yahoo.com",0,23
117,36,"Earum et aliquid amet molestiae tempora odit nam natus minima.","2018-10-14","Elroy18","Kelley.Predovic7@hotmail.com",0,6
118,36,"Sit quam ut sit facilis dolorum.","2019-04-26","Arno_Kulas69","Patrick.Bechtelar80@gmail.com",0,6
119,36,"Totam sint delectus tempore consequatur.","2019-06-18","Kelvin42","Marquise5@gmail.com",0,6
120,37,"Dolores sed qui eius.","2019-01-02","Kale.Wiegand10","Forrest.Heidenreich@gmail.com",1,20
121,37,"Hic est pariatur assumenda eligendi architecto.","2018-12-02","Lindsey.Raynor","Sammie.Sanford55@gmail.com",0,11
122,37,"Quas expedita officia nostrum voluptate enim cupiditate eum dolores.","2019-02-20","Godfrey52","Kari.Bechtelar@hotmail.com",0,25
123,37,"Voluptas quam suscipit enim assumenda impedit modi omnis.","2018-12-28","Glenda_Friesen","Eliezer38@gmail.com",0,1
124,39,"Architecto et vitae adipisci eligendi eligendi molestias officia est aut.","2019-02-10","Arne.Considine","Brooklyn_Homenick78@yahoo.com",0,21
125,39,"Rerum aut rerum odio commodi eveniet.","2018-12-07","Vesta1","Lesly83@hotmail.com",1,0
126,39,"Repellat animi accusantium aut dolores et non.","2018-11-15","Carey.Orn","Teagan75@gmail.com",0,13
127,40,"Molestias exercitationem ullam ab ab rerum.","2018-12-07","Roberto.Anderson95","Noe.Hansen@hotmail.com",0,0
128,40,"Aut placeat velit iure.","2019-07-28","Kelley_Corwin78","Josh50@gmail.com",0,10
129,40,"Illum natus unde nulla deleniti deserunt unde voluptate.","2019-07-15","Bethany_Runte51","Colton55@yahoo.com",0,10
130,40,"Occaecati dignissimos expedita similique quia aut deserunt optio amet commodi.","2019-03-31","Pascale_Legros","Bernice.Hermann54@gmail.com",0,4
131,41,"Consequatur aliquam laboriosam iusto aut corporis odit.","2018-12-29","Aglae15","Dallin.Ledner36@gmail.com",0,19
132,41,"Fuga quos odit earum rerum pariatur facilis.","2018-12-24","Kara_Rohan54","Yoshiko.Bashirian@gmail.com",0,5
133,41,"Nihil voluptas qui ut et vel.","2019-06-21","Mekhi_Renner60","Tyra_Kessler@gmail.com",0,5
134,41,"Omnis porro amet eum facere unde perspiciatis quae quia quas.","2018-12-20","Anabel.Will","Jarvis_Schneider89@hotmail.com",0,27
135,41,"Numquam facere laborum cupiditate repellat doloremque et.","2019-04-15","Samanta_Schmeler51","Jules.Towne16@yahoo.com",0,7
136,41,"Perspiciatis nisi ipsam.","2019-04-06","Shane_Emmerich","Clemmie_Wolf@gmail.com",0,6
137,41,"Adipisci sed et.","2019-06-08","Tristin.McGlynn","Maximillia38@yahoo.com",0,5
138,41,"Facilis maxime neque culpa laborum illo eius similique.","2019-06-21","Daisy_Kuphal46","Frankie_Wisozk@hotmail.com",0,16
139,42,"Exercitationem asperiores exercitationem omnis.","2019-02-11","Zora.Osinski93","Carol91@hotmail.com",0,14
140,42,"Sequi quo et temporibus consequuntur et enim.","2018-11-25","Eleonore23","Claudie_Von@yahoo.com",0,21
141,42,"Qui non ut corporis.","2019-04-22","Fernando_Cassin51","Marco21@gmail.com",0,9
142,42,"Assumenda minima autem temporibus voluptatibus nam ullam.","2019-02-22","Verda_Ankunding10","Reece_Yost29@yahoo.com",0,27
143,42,"Delectus est atque.","2018-12-18","Janiya_Klocko","Earnest16@gmail.com",0,0
144,42,"Repudiandae quod tempore quae.","2018-12-04","Natasha_Hartmann","Evert.Rowe@yahoo.com",0,7
145,42,"Omnis cumque aut unde ut est porro.","2019-06-02","Enoch.Cassin41","Elda_Kiehn63@hotmail.com",0,12
146,43,"Adipisci ut alias qui sit aut omnis temporibus molestiae.","2018-08-07","Liza_Spencer","Shirley.Bartell@yahoo.com",0,10
147,43,"Eum id architecto rem ratione.","2019-06-19","Precious58","Harley_Mills52@yahoo.com",0,12
148,43,"Beatae voluptates hic.","2018-10-19","Louie_Marks","Kayleigh.Williamson@hotmail.com",0,29
149,43,"Nesciunt dolores quia et omnis sit ratione ducimus quaerat illo.","2019-01-07","Lauriane78","Buddy_Tillman66@hotmail.com",0,21
150,43,"Omnis tenetur sed.","2019-05-01","Kelley.Veum25","Idella_Roob51@yahoo.com",0,11
151,44,"Ab qui dolor est.","2019-01-09","Ian.Schowalter67","Rudolph_Koch@yahoo.com",0,1
152,45,"Error nam accusamus a nihil ut dolorum.","2018-11-27","Mauricio.Gleichner","Elvie17@gmail.com",0,19
153,45,"Odio consequatur itaque nostrum quidem ab quia quidem qui.","2019-06-13","Soledad12","Wava42@hotmail.com",0,10
154,45,"Temporibus animi delectus vero eius consequatur.","2018-12-16","Katlynn44","Arlie_Labadie85@yahoo.com",0,27
155,45,"Voluptatem impedit earum.","2018-09-05","Garland.Haag","Isaac25@hotmail.com",0,1
156,45,"Mollitia corporis neque odio placeat est aut est voluptates excepturi.","2018-12-15","Gunner_Murray","Ayana_Ward65@yahoo.com",0,21
157,45,"Architecto dicta reiciendis velit molestiae aut.","2019-03-21","Loren_Padberg","Mazie_Reilly@hotmail.com",0,17
158,45,"Non dolores eligendi consequatur veniam.","2019-01-05","Bridget53","Evelyn.Labadie@yahoo.com",0,0
159,45,"Dolor et voluptatem ut nobis exercitationem aut ea minima.","2019-06-19","Terrence35","Zane.Denesik@hotmail.com",0,2
160,46,"Quam in eius et qui qui ut.","2019-06-19","Ima51","Ignacio_Harber94@hotmail.com",0,29
161,46,"Odio nemo eveniet voluptatem incidunt vitae tenetur fugiat soluta quas.","2018-12-21","Dwight.Adams9","Rosario_Kertzmann@gmail.com",0,22
162,46,"Voluptate et ullam quia modi delectus fugit.","2018-10-17","Kirstin.Lind","Odie54@gmail.com",0,2
163,47,"Nisi voluptate eos explicabo adipisci voluptates reprehenderit at.","2018-10-22","Nick.Bruen39","Matilda.Stiedemann82@yahoo.com",0,22
164,47,"Officia id ut necessitatibus ratione cupiditate ut molestiae.","2019-01-09","Suzanne31","Kirsten80@gmail.com",0,5
165,47,"Mollitia numquam beatae minima pariatur iure explicabo alias esse esse.","2019-05-01","Stanley.Schiller","Jayden36@gmail.com",0,0
166,47,"Accusamus ipsa ex sapiente non dolorem.","2018-11-03","Chadrick64","Jeanette.Hilpert@gmail.com",0,2
167,47,"Hic et esse dolorem.","2019-02-13","Chauncey_Herman","Lurline_Strosin@hotmail.com",0,1
168,48,"Ab labore autem aliquam.","2019-02-25","Skyla.Rowe","Zechariah.Oberbrunner49@hotmail.com",0,12
169,48,"Ut maiores ab sed quas occaecati.","2018-08-01","Mylene_Mueller","Troy.Sauer57@hotmail.com",0,19
170,48,"Ab explicabo aut eius dicta pariatur tempora illo.","2018-12-22","Julio.Macejkovic","Woodrow.Abshire12@hotmail.com",0,21
171,49,"Quisquam cupiditate aliquam ea.","2018-11-03","Norris87","Connor77@yahoo.com",0,23
172,50,"Et cupiditate repudiandae quam illum rerum rerum ea.","2019-06-07","Hudson_Jerde67","Patience_Kiehn@yahoo.com",0,8
173,50,"Nisi maxime commodi.","2018-11-17","Pearl_Swaniawski20","Miles0@gmail.com",1,28
174,51,"Rerum nisi culpa.","2019-07-10","Joannie_Jacobi79","Norma_Hand@gmail.com",0,6
175,51,"Repudiandae nulla doloribus.","2018-09-29","Katrina.Conroy","Jerrold_Barrows@hotmail.com",0,9
176,51,"Et a autem est minima quaerat ea qui vero temporibus.","2018-11-07","Destiney_Miller","Bruce_Hilll47@yahoo.com",0,8
177,51,"A distinctio at perspiciatis.","2018-12-31","Tiara58","Candida.Glover@gmail.com",0,15
178,51,"Magni nemo doloribus sint non aliquid dolor ex neque.","2018-10-26","Maximus28","Damon67@gmail.com",0,11
179,52,"Quae reiciendis eveniet nemo unde temporibus voluptas aliquid aut.","2018-11-12","Lacey18","Clifton_OKon@yahoo.com",0,16
180,52,"Odio beatae repellendus dolores fugiat earum quia.","2019-07-23","Ludie_Wuckert","Camren_Glover3@yahoo.com",0,19
181,52,"Voluptatem debitis dolorum.","2018-12-05","Maci80","Reagan_Graham@hotmail.com",0,26
182,53,"Quae enim expedita saepe.","2018-08-26","Deangelo14","Ottis.Gutmann45@hotmail.com",0,26
183,53,"Commodi pariatur voluptas quia voluptatem.","2018-09-19","Donna4","Cornelius21@hotmail.com",0,10
184,53,"Dolores nemo vero officia illo.","2018-12-13","Cora58","Cyril5@gmail.com",0,10
185,54,"Rem amet vitae qui molestiae consequatur.","2019-04-02","Terrell_Ziemann","Dwight_Heaney@yahoo.com",0,0
186,54,"Iure quisquam dolorum rerum consequuntur enim.","2019-07-19","Aditya.Mitchell","Elizabeth85@gmail.com",0,29
187,54,"Dolorem totam quia dolores.","2019-07-28","Rubye42","Maia.Gutmann@yahoo.com",0,15
188,54,"Dolorem esse aperiam debitis aspernatur minima cumque nemo eaque.","2018-09-13","Judd_Rogahn96","Eric_Homenick91@yahoo.com",0,1
189,55,"Molestias quaerat autem occaecati porro quibusdam voluptas saepe ut qui.","2018-10-02","Maximilian.Berge26","Orin78@gmail.com",1,5
190,55,"Sed dignissimos praesentium.","2019-01-24","Shanelle29","Rosalyn_Kirlin@gmail.com",0,9
191,55,"Non in rem repudiandae et voluptas provident minus ut sequi.","2018-12-19","Trent9","Floyd.Nitzsche81@gmail.com",0,17
192,55,"Ut adipisci ad assumenda magni distinctio beatae minima dolore.","2019-01-26","Javon93","Adalberto.Ledner@gmail.com",0,0
193,55,"Cupiditate corrupti provident sit et alias corporis maxime quia.","2018-10-06","Rey.Hyatt56","Gerald.Fay@hotmail.com",0,27
194,55,"Aut ut eos velit.","2019-02-08","Cathryn.Cole","Geovanni.OKeefe26@gmail.com",0,4
195,56,"Rerum sed debitis quaerat eos.","2018-08-26","Kasey_Wiegand","Clara_Dietrich@yahoo.com",0,23
196,56,"Quis aut aliquid animi.","2018-10-07","Tony_Hessel","Valentine.Schinner@yahoo.com",0,22
197,56,"Voluptas est atque ut animi vero aut libero.","2019-06-26","Pierre5","Edison.Tillman@yahoo.com",0,3
198,56,"Ut quia illum atque non.","2018-09-18","Sarai53","Kendra_Kling@hotmail.com",0,2
199,56,"Eveniet error voluptas in officia non omnis reprehenderit at.","2019-06-28","Devante_Streich89","Isadore87@hotmail.com",0,24
200,57,"Et delectus tempora est distinctio odit.","2019-05-29","Kristofer65","Alvah73@gmail.com",1,1
201,57,"Tempore ratione quo neque ut libero atque.","2019-01-07","Rafael_Schinner","Jovanny.DuBuque@gmail.com",0,4
202,57,"Voluptas doloribus quos autem.","2019-05-13","Aliyah.Gusikowski64","Chauncey_Altenwerth@gmail.com",0,22
203,57,"Incidunt minima sed eveniet et.","2019-04-04","Lucie_Trantow","Virgie_Aufderhar@gmail.com",0,14
204,58,"Et ad est at est ipsum dignissimos molestiae quis dolorum.","2019-03-08","Maci9","Alejandra91@gmail.com",0,10
205,58,"Magnam doloremque necessitatibus enim odit vitae possimus fugit qui.","2019-02-17","Ethelyn_Feest71","Marcia74@yahoo.com",0,16
206,59,"Possimus aut assumenda.","2019-02-17","Misty.Ankunding58","Abelardo54@yahoo.com",0,28
207,59,"Ducimus illo ipsum et molestiae veritatis est voluptatem molestiae ratione.","2018-09-30","Katrina.Bechtelar74","Megane74@hotmail.com",0,7
208,59,"Dolorem dolorem delectus magnam est.","2018-10-19","Brisa82","Zoie55@gmail.com",0,29
209,59,"Voluptas assumenda eos neque unde eos voluptatem et dolorem et.","2018-12-07","Benton27","Wellington74@hotmail.com",0,14
210,59,"Voluptatem at debitis suscipit.","2019-04-07","Euna.McGlynn","Brittany.Padberg83@gmail.com",0,20
211,60,"Quibusdam voluptates velit possimus soluta unde.","2018-11-14","Janice.Mueller22","Sheldon62@yahoo.com",0,8
212,60,"Placeat aspernatur vitae reiciendis maiores.","2019-02-06","Reilly47","Bernardo72@gmail.com",0,26
213,60,"Eveniet quo debitis minus.","2019-03-07","Rossie62","Kristin91@gmail.com",0,4
214,60,"Maiores eos officiis.","2019-06-21","Paris.Mertz95","Shannon_Larson@hotmail.com",0,18
215,60,"Ut at dolorum nemo quaerat ea cupiditate.","2019-03-11","Libby_Gusikowski","Mason.Jast@yahoo.com",0,3
216,60,"Facilis est harum voluptates quae magni aut repudiandae.","2018-10-03","Chaya_Hartmann76","Teresa.Beahan64@yahoo.com",0,21
217,60,"Quam ad pariatur error debitis quia dolorum dolore non eveniet.","2018-12-11","Berneice96","Irma_Kessler3@gmail.com",0,26
218,61,"Sequi culpa sequi maiores.","2018-11-16","Mohamed.Borer85","Cletus.Jones16@hotmail.com",0,14
219,62,"Aliquam nihil ipsam velit et odio molestias enim incidunt repellat.","2019-01-22","Marge11","Nola48@yahoo.com",0,14
220,62,"Illo possimus placeat consequatur repellendus sed ex suscipit blanditiis.","2019-03-01","Norene8","Buck31@gmail.com",0,11
221,62,"Omnis illum soluta et.","2019-03-17","Jany21","Mavis.Adams84@yahoo.com",0,26
222,63,"Dolores consequuntur eos.","2019-03-11","Elmira.Beahan","Marcos_Hintz@hotmail.com",0,20
223,63,"Officia deleniti aut reprehenderit ipsum.","2018-12-14","Isaiah65","Ruth.Rau@hotmail.com",0,14
224,63,"Excepturi et consequuntur.","2019-05-09","Christina55","Savannah72@hotmail.com",0,6
225,63,"Nihil amet rerum recusandae itaque qui veritatis.","2018-10-22","Doug.Monahan","Jovan.Homenick33@hotmail.com",0,2
226,63,"Quasi vitae expedita veniam amet maiores quia cumque totam.","2019-07-29","Winona.Botsford33","Brant49@yahoo.com",0,23
227,63,"Est autem quaerat dolor voluptas qui eos nisi iusto.","2018-08-12","Hallie.Hermann","Florine.Morar@hotmail.com",0,26
228,64,"Amet ut natus deleniti dolor enim.","2019-06-23","Antonietta.Hilpert","Anne_Schamberger13@gmail.com",0,27
229,64,"Dolores at ullam ipsa omnis aut dolorum.","2019-07-13","Maryam_Bergnaum","Shayne_Harber@yahoo.com",0,23
230,64,"Ipsam soluta aspernatur perspiciatis qui laudantium.","2018-10-07","Llewellyn.Sanford","Tatum.Stoltenberg@yahoo.com",0,27
231,64,"Maxime iure mollitia consequatur.","2018-08-19","Olen65","Reese90@hotmail.com",0,26
232,64,"Adipisci velit distinctio ea expedita in repellendus facilis.","2018-12-19","Ella.VonRueden","Estella.Effertz86@yahoo.com",0,13
233,65,"Deleniti quis vel voluptatem.","2019-01-19","Odell26","Samir.Becker@yahoo.com",0,15
234,65,"Quidem laborum amet non.","2018-10-07","Enos.Veum","Terrance_Homenick@gmail.com",0,22
235,65,"Eos et voluptas expedita laudantium qui excepturi dolor.","2018-12-19","Angeline_Mraz","Jody25@hotmail.com",1,17
236,65,"Nulla non suscipit neque.","2018-11-30","Jaylon50","Ali70@gmail.com",0,25
237,65,"Impedit iste voluptatem voluptatem.","2019-04-29","Henry.Luettgen46","Austin.Anderson74@yahoo.com",0,3
238,65,"Earum reiciendis est quo qui iusto.","2018-11-09","Earlene.Fay10","Buck_Connelly36@hotmail.com",0,24
239,65,"Deserunt vel quia non autem rem.","2019-05-02","Lucy_Christiansen","Susan90@yahoo.com",0,8
240,66,"Corrupti dolores pariatur magni quia id est qui omnis.","2018-08-02","Damien.Nitzsche","Kacey_Marks51@hotmail.com",0,28
241,66,"Et eligendi voluptate natus ipsam.","2019-07-25","Declan.Mraz56","Delaney.Green13@gmail.com",1,26
242,66,"Fugiat rerum aut aspernatur.","2019-04-18","Breana.Kuvalis69","Gayle46@yahoo.com",0,11
243,67,"Veniam iste aut et ut deserunt incidunt a.","2019-07-01","Darrel_Mohr","Tamia52@yahoo.com",1,19
244,67,"Voluptatum error possimus ab molestiae aut dignissimos occaecati voluptas.","2019-07-03","Lilly_Powlowski","Jasper_Wuckert56@yahoo.com",0,1
245,67,"Voluptates iure cumque ea vitae aliquam vel.","2018-11-23","Carolyn24","Dameon.Muller@yahoo.com",0,5
246,67,"Et nulla quidem qui qui illum.","2019-01-17","Jerrell_Shanahan","Tate.Jacobs72@gmail.com",0,17
247,67,"Amet magni error est culpa molestiae.","2018-12-24","Jettie.Emmerich85","Kari_Maggio17@hotmail.com",0,23
248,68,"Tempore et qui.","2018-12-12","Josue39","Alfonzo17@gmail.com",0,19
249,68,"Qui tempore numquam dolore voluptatem deserunt sint nulla.","2018-10-03","Nyasia.Beier93","Hassie54@yahoo.com",0,24
250,68,"Et dignissimos nobis incidunt voluptas aut voluptatem.","2019-03-29","Catalina71","Daphne.Greenholt@gmail.com",0,24
251,69,"Autem dolor aut ad repudiandae sit et quia.","2019-01-30","Arch.Connelly76","Caterina_Swift@hotmail.com",0,19
252,69,"Sint molestias nam consectetur accusantium sunt inventore.","2019-03-09","Emelia67","Brant_Orn23@gmail.com",0,15
253,69,"Velit dolore et exercitationem in rerum quos nobis aliquam.","2018-09-23","Garnett21","Vena52@yahoo.com",0,10
254,69,"At eos ab debitis sapiente non ut.","2019-05-05","Zelda.Ullrich","Amya.Breitenberg@gmail.com",0,12
255,69,"Error sit earum.","2018-07-31","Lacey.Marks","Velva.Jacobi@gmail.com",0,16
256,69,"Et harum dolorem iusto assumenda doloribus sint fugiat.","2018-10-23","Kiera.Morar18","Eulalia.Zemlak55@hotmail.com",0,2
257,69,"Natus et cumque iusto.","2019-06-07","Hailee_Miller79","Matilda.Farrell73@yahoo.com",0,6
258,70,"Rerum aut voluptatibus.","2019-06-27","Benny23","Trevor.Lindgren@yahoo.com",0,21
259,72,"Veniam voluptatum pariatur et omnis aut qui rerum repellat.","2018-11-11","Tess99","Alphonso_Wolf@gmail.com",0,29
260,72,"Alias deserunt ut enim ut.","2019-01-07","Cooper_Christiansen61","Mac71@hotmail.com",0,12
261,73,"In ex et ullam dolores temporibus atque.","2019-05-16","Dashawn.Stoltenberg","Emery.Lubowitz@gmail.com",0,15
262,73,"Accusantium ut fugiat et facere et culpa aut animi cumque.","2019-02-13","Freeman14","Augustus68@yahoo.com",0,8
263,73,"Doloribus quisquam voluptatem.","2018-09-13","Pearl25","Ashly90@gmail.com",0,26
264,73,"Qui quo sapiente provident delectus quia sit.","2018-08-28","Terrell_Huels","Rocky.Bechtelar@hotmail.com",0,14
265,73,"Quia ea consequatur commodi quibusdam numquam.","2018-10-14","Idella.Becker65","Jessica97@yahoo.com",0,24
266,74,"Aut quae reprehenderit et expedita totam ipsam nobis.","2019-07-24","Odie_Thompson","Efren_Corkery@gmail.com",0,8
267,74,"Beatae nemo pariatur.","2018-08-05","Annabelle14","Minerva_Kautzer@yahoo.com",0,15
268,74,"Rerum est et in.","2019-01-10","Connie_Morissette94","Gerardo.Hegmann94@gmail.com",0,19
269,75,"Accusantium molestiae ut at sunt pariatur necessitatibus aut delectus voluptatem.","2019-01-04","Woodrow61","Ruthie.Botsford@yahoo.com",0,15
270,75,"Sint quia exercitationem laborum dolorem.","2019-05-20","Jonathan_Medhurst","Greyson.Thiel@gmail.com",1,28
271,75,"Voluptas corrupti nobis dolor ea ratione maiores mollitia.","2018-12-25","Mable_Ryan","Yesenia.Hansen@gmail.com",0,9
272,76,"Minus odio in.","2018-08-19","Karli91","Naomie.Wehner@yahoo.com",0,12
273,76,"Accusantium ullam eveniet amet ut.","2019-03-12","Elna77","Jonathan_Bechtelar@gmail.com",0,17
274,77,"Quia qui sed voluptatem alias minus qui molestiae.","2019-01-05","Name_Lindgren24","Brisa.Kiehn85@hotmail.com",0,29
275,77,"Repellat deleniti temporibus est quas tempora suscipit aspernatur laudantium fugiat.","2019-07-16","Carissa91","Caitlyn5@yahoo.com",0,24
276,77,"Quas eius qui.","2019-04-07","Charlotte_Mitchell","Emmanuelle.Bartoletti@gmail.com",0,4
277,77,"Qui laborum tenetur cum exercitationem tempora.","2019-06-27","Donald48","Lance0@gmail.com",0,16
278,78,"Quod dolores dignissimos tempora qui molestiae a sit.","2018-11-17","Davon.Veum7","Kennith88@yahoo.com",0,4
279,78,"Quis tempora sequi totam provident ut ut est.","2019-04-03","Savion_Harvey","Alvah.Franecki@yahoo.com",0,14
280,79,"Provident quis ut impedit repellat est explicabo.","2018-10-10","Manuel_Vandervort","Kelli32@hotmail.com",0,23
281,79,"Tempore labore ut possimus incidunt.","2018-09-29","Miracle34","Susie.Keeling70@hotmail.com",0,25
282,79,"Dolor cumque qui aut praesentium.","2019-02-23","Arianna_Bosco99","Caleb52@hotmail.com",0,29
283,79,"Sapiente mollitia ut porro vel ipsam natus et id esse.","2018-11-14","Art.Flatley","Natalia47@yahoo.com",0,18
284,79,"Et est quam vitae voluptates nostrum sed deserunt.","2018-09-28","Ford_Bruen","Kyleigh0@gmail.com",0,28
285,80,"Quis qui atque.","2018-10-05","Dora30","Allene_Ferry7@hotmail.com",0,12
286,80,"Accusamus non molestiae veritatis.","2019-07-24","Samir14","Marisa.Weber@yahoo.com",0,27
287,80,"Dolor ut eligendi.","2018-12-10","Hugh_Pouros88","Nicola_Pagac78@hotmail.com",0,19
288,81,"Et nobis impedit rem aliquam est voluptas id quam.","2018-09-20","Lacey_King","Tyrel.Hane@hotmail.com",0,9
289,81,"Autem et sit consequatur voluptas quae doloremque.","2019-02-26","Dwight_Schmidt69","Anna.West@gmail.com",0,15
290,81,"Consectetur ab non voluptatem ad.","2018-10-14","Bradford28","Abbie.Goldner@yahoo.com",0,19
291,84,"Eaque doloribus accusamus qui est similique quia accusamus odit sed.","2019-05-09","Nickolas.Hartmann","Georgette.Wolf@yahoo.com",0,0
292,84,"Recusandae ullam voluptatem dolor et ad in qui in aut.","2018-12-22","Gustave.Hudson74","Savanah37@yahoo.com",0,28
293,84,"Aut nobis corrupti.","2018-11-07","Augustine_McKenzie41","Marietta.Cummerata@hotmail.com",0,11
294,84,"Qui est minima.","2019-03-04","Bridgette.Hartmann14","Lysanne_Abshire1@hotmail.com",0,27
295,85,"Corporis quas et.","2019-07-24","Jeffrey60","Gerda14@yahoo.com",0,17
296,85,"Delectus et voluptatem nulla assumenda dolores occaecati omnis.","2018-09-12","Isaac42","Tillman42@gmail.com",0,2
297,85,"Aut qui quia debitis consequuntur accusantium est est repellat.","2019-02-14","Leone.Bednar35","Rafael82@yahoo.com",0,18
298,85,"Distinctio dolorem natus fugiat excepturi aspernatur temporibus et perferendis vitae.","2019-07-11","Corine_Tillman55","Junius.Langosh@yahoo.com",0,17
299,85,"Repudiandae est ea veritatis iusto optio.","2018-11-30","Jewel.Reinger","Minnie.Heidenreich75@hotmail.com",0,13
300,86,"Similique est dolorum sit ut maxime odit aut.","2018-09-22","Etha86","Shyann23@hotmail.com",0,25
301,86,"Sed animi molestiae rerum.","2018-12-22","Libbie92","Cordie36@gmail.com",0,25
302,86,"Non excepturi qui itaque quo iste qui.","2019-03-16","Bridget18","Brice93@hotmail.com",0,23
303,86,"Culpa dolor eum consequatur et sint blanditiis accusamus atque nobis.","2019-03-06","Andre_Olson","Laurence.Altenwerth@hotmail.com",0,3
304,87,"Pariatur necessitatibus culpa a suscipit et nihil.","2019-05-05","Okey_Stehr","Rico.Hagenes@hotmail.com",0,7
305,87,"Tenetur dignissimos maxime in ea saepe quas quae tempore.","2019-06-30","Louisa.Hilll","Kayli14@hotmail.com",0,8
306,87,"Placeat amet quam doloribus quisquam.","2019-01-21","Maeve_Johnston77","Jazlyn_Borer@hotmail.com",0,7
307,87,"Est error est inventore et officiis qui repellendus qui.","2018-09-20","Meta.Gleason","Chauncey.Tromp79@hotmail.com",0,20
308,87,"Sit natus commodi.","2018-09-09","Camilla_Heidenreich","Rodolfo_Wolff@gmail.com",0,9
309,87,"Veritatis rem in quo aut aliquid tempora.","2018-10-08","Clare_Mann1","Sandrine.Hayes@yahoo.com",0,19
310,87,"Qui optio asperiores quam eveniet explicabo odit consequatur nobis.","2019-05-31","Finn_Dietrich","Maybell_Parker@yahoo.com",0,27
311,88,"Consequatur nemo qui velit dolorem dolores et.","2019-02-17","Vaughn39","Axel90@hotmail.com",0,10
312,90,"Aut ullam est labore assumenda magni est a et maxime.","2018-12-11","Hanna_Hayes","Oran.Gleichner80@hotmail.com",0,20
313,91,"Atque et quos doloribus voluptatem.","2018-07-31","Amara86","Colin_Satterfield@gmail.com",0,10
314,91,"Maiores non doloremque quae.","2018-09-10","Mona_Thompson20","Gerald24@gmail.com",1,24
315,91,"Vel eligendi aut.","2018-10-24","Samanta.Metz73","Macey.Gleason@gmail.com",0,4
316,92,"Est voluptatibus vitae pariatur qui facilis minus alias officia tempore.","2018-11-16","Charley98","Jedediah.Goldner@yahoo.com",0,6
317,92,"A omnis aperiam tenetur ut illo.","2019-04-19","Coleman_Champlin79","Leone38@gmail.com",0,21
318,92,"Unde soluta eos sequi molestiae et.","2018-09-24","Porter25","Garrison65@gmail.com",0,2
319,92,"Minima repudiandae nihil omnis qui id aspernatur.","2019-05-11","Roselyn_Morissette85","Sallie.Blick48@gmail.com",0,22
320,96,"Tempora voluptas officia aut eos omnis deleniti est.","2019-06-04","Maye.Abshire50","Diego_Moen@hotmail.com",0,7
321,96,"Quaerat qui fugiat enim odio nihil nostrum et quo.","2019-01-10","Frances25","Sierra76@hotmail.com",0,25
322,96,"Officia similique beatae beatae.","2019-01-02","Anthony88","Myrtle84@yahoo.com",0,22
323,96,"Ut dolor quia ipsa.","2019-07-07","Gerry45","Brown_Aufderhar68@gmail.com",1,7
324,96,"Qui omnis ea quia.","2018-09-06","Monserrate43","Grady.Legros64@hotmail.com",1,0
325,96,"Repellat reiciendis ut aut debitis perferendis.","2018-11-24","Rosalind43","Ayla.Langosh@hotmail.com",0,9
326,96,"Assumenda dolores quibusdam enim aut provident id nihil quisquam.","2019-02-24","Cheyanne_Grant","Louie.Daugherty93@gmail.com",0,22
327,96,"Rerum tempora similique.","2019-02-26","Rosemarie71","Urban13@gmail.com",0,26
328,97,"Dolorem atque voluptatem quia aliquam et minima id mollitia molestiae.","2019-02-10","Anjali95","Garfield52@gmail.com",0,18
329,97,"Vitae ut eos voluptates nihil quo harum laudantium quisquam mollitia.","2019-03-13","Marilie28","Napoleon2@gmail.com",0,13
330,97,"Aut et ipsum odit nemo fuga.","2018-11-23","Evert.Schulist","Heidi_Carroll38@gmail.com",0,3
331,98,"Iste rerum itaque repellat voluptatem nobis.","2019-04-08","Cruz.Oberbrunner","Kale_DAmore71@gmail.com",0,20
332,98,"Adipisci non tenetur et error ex qui.","2018-08-29","Norris_Gibson","Zackary_Mills@hotmail.com",0,9
333,98,"Nobis sint ut delectus.","2019-04-24","Mason_Schuppe37","Denis.Barrows@yahoo.com",1,15
334,98,"Molestias numquam consequatur ipsam dolores et accusantium qui.","2019-04-20","Giuseppe49","Raquel.Moen43@hotmail.com",0,26
335,99,"Eveniet quam id quia vitae harum est officia enim.","2018-10-25","Thaddeus_Herman21","Lorenz_Koch@hotmail.com",0,27
336,100,"Ipsum voluptatem voluptatibus quibusdam harum.","2019-04-23","Tevin13","Marlen.Donnelly26@hotmail.com",0,15
337,100,"Sunt impedit velit hic aspernatur.","2018-09-22","Sonny6","Josh61@gmail.com",0,27
338,100,"Facere explicabo doloremque eos.","2018-08-31","Hank.Runte98","Jaida.Leuschke@gmail.com",0,26
339,101,"Beatae reiciendis aspernatur porro nam.","2019-04-18","Earline_Bayer20","Joy_Rowe7@yahoo.com",0,26
340,101,"Pariatur voluptatem ut.","2019-03-16","Darrion_Price","Carmen85@gmail.com",0,7
341,101,"Porro corrupti assumenda soluta perspiciatis quas excepturi doloribus est ut.","2018-09-12","Adah_Toy11","Rocky92@gmail.com",0,19
342,101,"Quod illum illo dolorum error qui voluptas voluptatem quas voluptatem.","2018-10-21","Carolanne66","Kristian_Feeney17@yahoo.com",0,29
343,101,"Nemo dolore eius.","2019-06-24","Fern.Wolff53","Vernon.VonRueden81@hotmail.com",0,14
344,101,"Occaecati doloribus atque unde.","2019-02-11","Sage83","Tiara.Deckow@yahoo.com",0,24
345,101,"Velit dolorem expedita officia et alias voluptatem.","2019-04-03","Marina_Yundt","Bella.Barton@gmail.com",0,8
346,101,"Aliquam eligendi hic ipsam dolorem.","2018-11-16","Delmer_Collins","Sebastian63@gmail.com",0,28
347,102,"Sapiente qui at at quia officiis est at quibusdam.","2019-01-03","Kaylah_Tillman23","Hosea.Ledner81@yahoo.com",0,15
348,102,"Velit ut ex laudantium vero et.","2019-05-10","Gregorio.Veum85","Geo_Wisozk66@gmail.com",0,22
349,102,"Consequatur atque sunt ratione.","2019-02-07","Vena_Kulas41","Lempi_Wisoky@hotmail.com",0,24
350,102,"Dolores deserunt quibusdam.","2018-10-06","Josiah_Koch","Madilyn.Nitzsche@gmail.com",0,15
351,102,"Ut laborum et praesentium quaerat cumque et voluptatem libero.","2018-12-29","Mario71","Korbin.Dickens68@gmail.com",0,8
352,102,"Dignissimos reiciendis ducimus labore harum sequi quis maiores.","2019-05-08","Abdul_Hegmann91","Charlotte27@yahoo.com",0,6
353,102,"Iure eum beatae qui quae.","2018-12-07","Geovanni_VonRueden68","Connie4@yahoo.com",0,14
354,102,"Aut harum rerum quo velit in esse vitae.","2019-01-06","Aliya38","Tomasa.Welch@gmail.com",0,26
355,102,"Repellat quis in.","2019-02-19","Brent_Schuster","Lacey.Kirlin10@hotmail.com",0,6
356,103,"Et delectus et consequuntur accusamus eligendi aliquid in.","2019-02-03","Joy.Bergstrom","Gaston_Thompson68@gmail.com",0,23
357,104,"Et unde ratione aut tempore similique eaque.","2019-03-23","Camylle.Schowalter","River74@yahoo.com",0,3
358,104,"Nisi sint saepe distinctio voluptas delectus est qui quod commodi.","2019-03-24","Hazel39","Hosea_Konopelski@yahoo.com",0,22
359,104,"Dicta nobis doloremque repellendus non quibusdam laudantium eligendi suscipit.","2018-10-25","Libby_Kunde","Jared.Leuschke@hotmail.com",0,20
360,104,"Eos porro sed sit.","2018-10-22","Rogelio.Aufderhar","Makenzie.Stanton47@hotmail.com",0,13
361,105,"Dolores aut voluptatem provident.","2019-02-12","Electa92","Sigurd60@yahoo.com",0,25
362,105,"Dolor ut incidunt odit nemo dolorem.","2019-04-11","Jazlyn.Rice","Elian.Pfannerstill28@gmail.com",0,14
363,105,"Nam est aliquid.","2018-10-11","Iva57","Joseph92@yahoo.com",0,10
364,105,"Hic beatae officia eligendi velit dolor.","2019-07-24","Karson57","Tomasa.Hartmann@yahoo.com",0,16
365,106,"Consequatur repellendus debitis nihil sequi possimus optio eius quis laborum.","2018-08-29","Kelvin63","Sylvester.Shanahan0@gmail.com",0,17
366,106,"Quis aliquid repellendus laborum rerum dolores omnis.","2018-08-29","Gerard.Nikolaus","Verna.Marks@yahoo.com",0,23
367,106,"Magnam quibusdam fuga eos quam.","2019-02-03","Annette_Brekke64","Jessyca88@hotmail.com",0,10
368,107,"Et et quaerat eveniet qui aliquam voluptatem qui.","2019-05-30","Edythe45","Joanne65@hotmail.com",0,0
369,107,"Est asperiores sequi omnis nostrum sunt.","2019-04-07","Albin_Hegmann32","Queen_Carroll66@gmail.com",0,28
370,107,"Doloribus eligendi quis deleniti magni dolorem.","2018-10-01","Heaven.Mosciski","Ethelyn.Metz@gmail.com",0,2
371,107,"Maiores illum dolores sint ut et minima expedita est ex.","2019-04-04","Cheyanne.Hintz6","Jamarcus57@gmail.com",0,12
372,108,"Quod ea voluptatem.","2018-11-26","Ceasar.Jones7","Alysha_Nikolaus74@gmail.com",1,4
373,108,"Sequi voluptas est soluta voluptates impedit totam quae quis et.","2019-01-24","Jonathon43","Nakia_Thiel67@hotmail.com",0,10
374,108,"Aut mollitia totam iste alias ducimus labore.","2018-10-26","Eleanore_Abshire","Anjali_Kessler@yahoo.com",0,15
375,108,"Voluptatum molestiae et dolores beatae possimus vel ut omnis repudiandae.","2019-02-14","Blake54","Susana.Moen3@hotmail.com",0,4
376,109,"Beatae accusamus veritatis est qui quos.","2019-04-15","Maiya_Heaney8","Isaac12@yahoo.com",0,25
377,109,"Aliquam omnis esse occaecati.","2019-04-23","Fredy_Heller","Heaven.Koepp85@gmail.com",0,28
378,109,"Natus rem in qui non.","2019-04-28","Dino.West","Kian_OConnell60@gmail.com",0,7
379,109,"Et aut ratione eum adipisci amet et exercitationem explicabo aut.","2019-02-15","Billy_Roberts","Kyleigh_Gerlach@yahoo.com",0,9
380,109,"Non minima autem.","2019-04-04","Joshuah50","Damaris.McLaughlin@hotmail.com",1,21
381,109,"Assumenda perferendis nihil molestias necessitatibus fugit illum laboriosam.","2018-08-29","Adele17","Humberto59@yahoo.com",0,6
382,110,"Deserunt sint et mollitia fugit nihil quia alias.","2018-10-31","Niko.Kessler39","Filiberto.Olson70@hotmail.com",0,27
383,111,"Quas aut dicta cum earum laborum nihil dicta.","2019-03-18","Jonathon_Walker47","Lexus2@yahoo.com",0,21
384,111,"Ullam temporibus accusantium aut et officiis.","2019-03-09","Jarred.Feil","Darrel_Gulgowski67@yahoo.com",0,23
385,112,"Sit non sit dolore nisi tempora dolor quibusdam magni ducimus.","2018-12-15","Retha_Thiel","Julien_Rempel@yahoo.com",0,8
386,112,"Eligendi reprehenderit et.","2019-06-08","Dorothy40","Gracie.Marks89@yahoo.com",0,21
387,113,"Quis rerum alias.","2019-05-28","Delores58","Lora70@hotmail.com",0,20
388,113,"Necessitatibus voluptas eum ullam ea facere.","2019-05-21","Claudine_Muller25","Rosalyn.Hermann10@gmail.com",0,18
389,113,"Ut qui iure autem deleniti est dicta.","2019-05-24","Polly0","Chaim_Runolfsdottir@hotmail.com",0,5
390,113,"Suscipit illum sunt id est quis animi in.","2019-03-13","Hailee_Hessel58","Adaline96@hotmail.com",0,10
391,114,"Libero harum omnis sit itaque ratione accusantium voluptatum omnis.","2018-08-09","Lexus.Legros45","Uriel.Parisian15@gmail.com",0,7
392,115,"Officia rerum ducimus quia qui iure.","2018-09-21","Annabelle_Schmitt","Izaiah_Frami@gmail.com",0,27
393,115,"Numquam laudantium ut molestiae adipisci unde vero sed facilis modi.","2019-05-28","Alysa53","Curtis_Stoltenberg56@gmail.com",0,20
394,115,"Et natus totam omnis odit ut incidunt commodi.","2019-06-14","Selina21","Elmer.Daugherty83@yahoo.com",0,12
395,115,"Quis et ut.","2019-05-25","Barry.Mayer","Adrien.Jacobson@yahoo.com",1,16
396,115,"Voluptates nulla non magnam est aperiam cupiditate voluptatibus enim.","2018-10-11","Emilie.Jast","Bella.Hegmann@hotmail.com",0,22
397,117,"Expedita dolor voluptates sit sint.","2018-09-21","Angelica_Maggio","Jamaal_Johnston@gmail.com",0,15
398,117,"Enim nostrum culpa ullam nesciunt sunt non.","2018-12-21","Cristobal8","Miles9@hotmail.com",0,6
399,117,"Nesciunt et voluptas.","2018-08-26","Desmond_Kiehn73","Sterling.Ernser51@hotmail.com",0,6
400,117,"Voluptas corporis nemo maiores tenetur id in magni ea.","2018-12-04","Theron12","Marilie.Ondricka14@hotmail.com",0,17
401,118,"Eaque in eveniet quos commodi.","2019-01-02","Genevieve_Bernier","Madyson23@yahoo.com",0,11
402,118,"Aperiam cupiditate aut alias.","2018-12-10","Fritz_Jakubowski65","Judd.Thompson62@yahoo.com",0,21
403,118,"Temporibus dolor alias asperiores ullam.","2019-05-26","Larue.Keebler","Leora.Gibson@hotmail.com",0,9
404,118,"Dolorem aut aut eum enim iusto voluptatem nulla iure aperiam.","2018-10-24","Kaleigh.Sipes","Rosalind18@yahoo.com",0,6
405,118,"Consequatur consequatur magni rem iste id ut sequi necessitatibus maiores.","2019-03-09","Michale.Grimes","Tristian.Kling@yahoo.com",0,1
406,118,"Suscipit nihil voluptate neque.","2019-04-18","Cleveland_Lemke77","Estrella_Hansen50@gmail.com",0,27
407,119,"Corrupti enim voluptatum velit omnis occaecati quia ipsam eius sed.","2019-02-14","Hugh.Bergstrom","Wilford.Macejkovic44@yahoo.com",0,18
408,119,"Eligendi alias quis.","2019-05-30","Clark_Kerluke","Prudence_Deckow40@gmail.com",0,7
409,119,"Cum quia nihil magni occaecati sint illum harum non ipsum.","2019-03-10","Althea.Olson","Norval.Mueller@yahoo.com",0,13
410,119,"Dolorem architecto explicabo nihil totam dolores.","2019-07-27","Oren_Rutherford","Hildegard.Zulauf84@gmail.com",0,28
411,119,"Provident voluptas aut quam non ut sint ad eligendi.","2019-01-29","Brianne48","Maryse_Funk@yahoo.com",0,9
412,120,"Ex ut voluptatum et est.","2019-06-21","Elinore.Lemke","Brielle.Witting@gmail.com",0,4
413,120,"Illum ea tenetur itaque nemo magnam iusto magni aut expedita.","2019-03-23","Ozella49","Michel81@yahoo.com",0,20
414,120,"Facilis consequatur sed pariatur.","2018-11-01","Mackenzie.Boyle","Afton.Barrows@hotmail.com",0,22
415,120,"Perspiciatis deleniti dolores totam nihil magni.","2019-03-11","Rosella.Wiegand","Gayle_Christiansen@hotmail.com",0,0
416,120,"Commodi ullam laboriosam.","2019-05-04","Alysson_Feeney","Floy_Ziemann50@hotmail.com",0,0
417,120,"Alias unde corporis omnis.","2019-05-21","Chyna90","Abdul.Parker15@gmail.com",0,11
418,121,"Quis quis nesciunt dolores qui enim non ipsam dolores repellat.","2018-10-17","Kip.Romaguera","Trey_McGlynn@gmail.com",0,1
419,122,"Praesentium quisquam eaque cum repellat illum deleniti quos consectetur accusamus.","2019-01-03","Noel_Orn72","Kari.Gutkowski@yahoo.com",0,11
420,122,"Corporis quos quis et amet aliquam qui ut alias quos.","2018-12-19","Madie94","Shawna.Jacobs34@hotmail.com",0,16
421,122,"Debitis ut et.","2019-05-26","Charity_VonRueden19","Dave78@gmail.com",1,28
422,122,"Suscipit consectetur quo rerum aut consequuntur dolorem voluptas tempore.","2018-11-23","Hilton_Murray","Courtney87@yahoo.com",0,3
423,122,"Placeat quia est aut id porro.","2018-11-06","Anahi.Stiedemann","Imelda.Hickle@hotmail.com",0,25
424,122,"Sed quas similique accusamus fugiat tempora autem.","2019-03-23","Kameron_Rowe","Leilani.Mitchell68@yahoo.com",0,6
425,122,"Quia et modi et.","2018-11-24","Jairo_Lebsack","Leslie59@hotmail.com",0,10
426,122,"Ipsum illum officia veniam sit.","2018-10-11","Renee_Schulist","Emelie56@gmail.com",0,24
427,122,"Ex illum laborum autem fuga ea laboriosam et.","2018-09-14","Vallie74","Collin_Schoen16@hotmail.com",0,16
428,122,"Alias sed doloribus quo sunt tempora.","2018-08-07","Glenna.Osinski","Vincenza_Gorczany88@gmail.com",0,3
429,122,"Repellendus non iure et.","2019-05-21","Geovanny36","Tess.DAmore41@hotmail.com",0,21
430,124,"Vel nobis minima sint quod est aut quo est vel.","2018-12-15","Melba.Metz35","Glennie_Torphy@gmail.com",1,16
431,124,"Porro beatae ad libero et deserunt.","2019-04-22","Edgar49","Eriberto30@hotmail.com",0,1
432,124,"Possimus occaecati aut.","2018-11-18","Moses.Pfeffer","Ada.Gusikowski13@yahoo.com",0,8
433,124,"Et voluptatum quos facilis.","2018-12-08","Elisabeth46","Susanna_Smith77@hotmail.com",0,1
434,124,"Id commodi beatae esse reiciendis.","2018-10-31","Frederick.Torp","Hudson.Boehm82@gmail.com",0,26
435,124,"Alias et ipsa quis minima velit.","2019-02-07","Kaylin_Dooley","Viviane30@gmail.com",0,20
436,124,"Sit quia rerum.","2019-02-20","Weldon26","Ansley74@gmail.com",0,22
437,125,"Magni inventore natus soluta dolorem repellat earum ducimus velit.","2018-12-07","Aracely.Morissette","Shawna10@yahoo.com",0,8
438,125,"Perferendis nihil sed.","2018-08-24","Baby_Torphy","Brenda_DuBuque47@gmail.com",0,12
439,125,"Autem omnis quod eligendi beatae.","2018-09-27","Okey.Gerhold","Marlin_Bogisich@hotmail.com",0,16
440,125,"Iusto eos omnis perferendis aut officia officia blanditiis dolor.","2018-12-27","Cathy_DAmore","Alexa_Langosh@hotmail.com",0,0
441,125,"Atque voluptate exercitationem facilis voluptas quo facere vel.","2018-12-10","Danielle.Hoeger23","Moises.Moore35@gmail.com",0,25
442,125,"Minima velit eos in.","2019-05-20","Ronaldo_Hoppe","Tressie_Christiansen@hotmail.com",0,0
443,126,"A amet cum dolorem.","2018-12-16","Sonia_Becker36","Caroline_Gutkowski58@hotmail.com",0,14
444,126,"Et qui voluptas eligendi nihil.","2018-10-29","Hollie_Cronin","Guido.Pagac@yahoo.com",0,11
445,126,"Quis delectus nostrum vel optio.","2019-02-07","Felton_Koss95","Bell.Larson86@yahoo.com",0,9
446,127,"Possimus et voluptas distinctio voluptatem.","2018-12-11","Tyrique.Grant83","Kelsie.Kihn@yahoo.com",0,2
447,127,"Praesentium mollitia sint incidunt.","2018-09-25","Allison_Marquardt","Erling23@yahoo.com",0,11
448,127,"Laborum ab perferendis.","2018-12-11","Helena0","Angelica.Rosenbaum59@yahoo.com",0,13
449,127,"Illo eius laudantium aut doloribus quia ipsam rem.","2019-01-06","Clovis_Satterfield63","Erwin68@gmail.com",0,4
450,127,"Soluta ipsa tempore deleniti doloribus ducimus soluta quas.","2019-07-28","Aniya16","Gabriella.Stracke98@hotmail.com",0,29
451,127,"Consequuntur veniam natus illum aut.","2019-03-19","Rahsaan.Rippin28","Jovani_Gibson5@yahoo.com",0,2
452,127,"Aspernatur illo reiciendis consequatur cum iure odio maiores et est.","2018-11-12","Cheyanne.Hickle99","Hortense_Beahan86@yahoo.com",0,19
453,127,"Est nisi quas explicabo similique eligendi ea non est qui.","2019-03-03","Vita_Kassulke","Sunny.Ortiz73@hotmail.com",0,2
454,127,"Eos ipsam qui exercitationem ad officiis facere.","2018-12-16","Reese_Bahringer","Rylee.DAmore@gmail.com",0,7
455,127,"Quasi aspernatur cumque dolore eum sed.","2019-05-04","Tabitha_Murazik27","Keira.Schneider@yahoo.com",0,11
456,127,"Suscipit dolor laudantium iste ut doloribus praesentium et nisi.","2019-02-07","Kayden.Hirthe","Joey18@gmail.com",0,26
457,127,"Ad voluptatum eum ipsa molestiae eaque molestiae non aut.","2018-08-14","Roxane25","Freddy.Skiles@hotmail.com",0,23
458,128,"Assumenda et ullam quibusdam fuga.","2019-03-31","Clinton_Hahn7","Heidi.Johnson@yahoo.com",0,12
459,128,"Numquam aut fugit soluta voluptas explicabo.","2019-01-26","Gabriella.Ortiz","Bud_Hettinger@yahoo.com",0,27
460,128,"Vero est ullam.","2018-10-02","August.Zemlak98","Cordia_Adams75@gmail.com",0,12
461,129,"Excepturi illum blanditiis tempora qui omnis dolorem.","2019-03-08","Adolph.Walter","Duane_Christiansen@hotmail.com",0,6
462,129,"Rerum vero sint et.","2018-08-27","Jacey_Huel","Timmothy_Pfeffer@yahoo.com",0,28
463,129,"Omnis provident excepturi laborum et voluptatum molestias molestiae rerum.","2019-03-29","Christ_McDermott21","Juliet48@yahoo.com",0,26
464,129,"Atque excepturi modi eveniet consequuntur ut earum assumenda.","2019-03-01","Justina_Kris","Savion.Auer@gmail.com",0,4
465,129,"Tenetur in nam consequatur facere odit enim quo laboriosam facilis.","2018-08-12","Chester_Hand99","Nicolette_Goldner20@yahoo.com",1,11
466,129,"Tempora dolorem aspernatur corporis harum deserunt necessitatibus.","2019-01-07","Joaquin23","Crawford37@hotmail.com",0,19
467,129,"Quis error non necessitatibus quia laborum impedit officia.","2018-12-16","Rosie_Oberbrunner","Alphonso.Frami@yahoo.com",0,28
468,130,"Unde laborum explicabo impedit asperiores.","2019-04-20","Herta.Runolfsdottir66","Micheal55@hotmail.com",0,16
469,130,"Cumque et natus.","2018-10-23","Bryce.McClure","Esmeralda5@gmail.com",0,26
470,130,"Inventore non adipisci et corrupti et vel nihil nostrum dolores.","2018-10-26","Juanita58","Peggie82@hotmail.com",0,9
471,130,"Fugiat doloribus omnis veritatis eius praesentium esse aut iste.","2019-06-13","Florine_Considine96","Erling_Strosin29@hotmail.com",0,10
472,131,"Vitae sint corporis sunt dolor mollitia labore.","2019-02-14","Rogelio.Schulist","Ian.Will77@gmail.com",0,17
473,131,"Consequatur vel vitae vel quis praesentium cumque.","2018-11-11","Presley79","Guillermo_Friesen10@hotmail.com",0,29
474,131,"Et expedita corrupti quia ut doloribus.","2019-03-03","Laila_Mayer42","Lennie_Stark@gmail.com",0,25
475,131,"Vero ut laborum similique sint cum delectus autem amet.","2018-08-19","Josh19","Justen.Pollich@hotmail.com",0,26
476,131,"Quisquam nesciunt quia.","2019-06-09","Georgianna.Brown","Norval.Prosacco49@hotmail.com",0,12
477,131,"Commodi iste iste est soluta non.","2019-07-20","Bernadine19","Kareem.Becker@yahoo.com",0,27
478,131,"Libero reprehenderit architecto quasi quae laudantium est.","2018-08-24","Bonita_Terry80","Kiera.Blick4@gmail.com",0,20
479,132,"Nam vel maiores odit.","2019-07-27","Bobbie8","Clemens_Schultz@gmail.com",0,20
480,132,"Adipisci esse veritatis odit rerum cumque.","2018-10-01","Kennith_Kuhic","Dawson_Rowe@yahoo.com",0,29
481,132,"Quos exercitationem perferendis odio eaque est accusamus magnam et.","2019-05-25","Braden_Watsica","Bailey_OHara76@hotmail.com",0,28
482,132,"Ut incidunt et esse aut.","2019-01-26","Lillian_Hand88","Bernard.Will@hotmail.com",0,4
483,132,"Et vero perferendis et enim in nulla illum vitae.","2019-03-04","Victor_Kuhic74","Penelope_Adams@gmail.com",1,16
484,133,"A in velit illum atque deleniti est et nobis.","2018-09-05","Gage_Rowe72","Carole.Shields87@hotmail.com",0,5
485,133,"Sint et voluptatem expedita.","2019-07-06","Bobby72","Frida_Cronin@hotmail.com",0,14
486,133,"Aut minima quibusdam cum voluptates voluptate sed sequi et.","2019-07-23","Dariana75","Willie_Bernhard18@hotmail.com",0,12
487,133,"Fugit soluta perspiciatis quia veniam.","2019-07-08","Berry.Pacocha","Jarret_Hilpert@hotmail.com",0,17
488,134,"Laborum explicabo saepe dolor consequatur eos.","2019-03-27","Hillard86","Marley_Olson69@hotmail.com",0,26
489,134,"Sapiente est blanditiis accusantium esse et eos enim est sequi.","2019-03-25","Eric.Hoppe39","Ward.Huels84@gmail.com",0,14
490,134,"Est est a sed.","2018-11-04","Alycia.Stiedemann","Christine_Daniel41@hotmail.com",0,22
491,134,"Vel necessitatibus sunt deserunt sequi minima.","2018-10-30","Mohamed_Dickens60","Karl93@yahoo.com",0,11
492,134,"Molestiae numquam quaerat animi ut sint.","2018-10-19","Stan_Kessler22","Jerel.DuBuque65@gmail.com",0,27
493,134,"Voluptates id doloremque sit magnam.","2018-11-01","Thad_Abernathy94","Nat.Kozey@gmail.com",0,14
494,135,"Similique impedit numquam.","2019-02-18","Camila30","Micah.Johnson@yahoo.com",0,3
495,135,"Est atque architecto omnis quo.","2019-06-19","Adella.Hagenes","Gudrun81@gmail.com",0,16
496,135,"Et quisquam dignissimos.","2018-09-07","Roselyn_Hansen","Dorcas_Beier45@hotmail.com",0,18
497,135,"Qui officiis mollitia quos vel reprehenderit.","2019-02-11","Werner_Murazik70","Sophie.Barton86@yahoo.com",0,14
498,136,"Eos veritatis ipsum eum dolores dolor.","2019-03-24","Carole_Jacobs33","Jace.Jakubowski4@gmail.com",0,9
499,136,"Rerum expedita in voluptas aliquam illum officiis non.","2019-04-11","Luna16","Austen_Cronin@hotmail.com",0,5
500,136,"Quidem id et et amet odit voluptatem.","2019-04-08","Adolfo.Morar","Anibal10@hotmail.com",0,23
501,137,"Magni voluptas at non non vel exercitationem.","2019-02-06","Iva.Borer75","Sigurd_Grady@hotmail.com",0,23
502,137,"Deleniti et ut temporibus ipsam et.","2018-10-03","Phyllis.Rempel","Herminio_Hermann@gmail.com",0,25
503,137,"Quis et mollitia.","2019-07-20","Callie.Bernhard","Demetris58@hotmail.com",0,12
504,137,"Iusto quae temporibus et itaque velit quo ratione aspernatur in.","2019-07-26","Antonia12","Raleigh_Schuster23@yahoo.com",0,16
505,137,"Dolor ullam quo.","2018-12-12","Willard_Green","Kenyatta.Terry41@hotmail.com",0,24
506,137,"Odio quisquam qui culpa sed.","2019-05-27","Brittany.Corwin","Zachery_Harvey15@yahoo.com",0,24
507,139,"Vel asperiores inventore nam saepe accusamus.","2019-01-06","Mauricio_Abshire35","Kennedy_Nikolaus@gmail.com",0,6
508,139,"Ad aut a earum.","2018-09-08","Noemi.Heidenreich52","Ignatius.Ankunding94@gmail.com",0,0
509,139,"Non optio ad architecto repellendus.","2018-08-26","Alexandria.Ondricka41","Erik.Baumbach@hotmail.com",0,0
510,139,"Provident aspernatur mollitia dignissimos.","2019-05-14","Oral.Ernser73","Ed.Cremin44@hotmail.com",0,14
511,139,"Delectus ea enim et.","2019-01-07","Blanche64","Nathanael36@gmail.com",0,4
512,139,"Aliquid fuga natus voluptatem earum dolor quos necessitatibus excepturi aspernatur.","2018-12-02","Mohammed.Lesch49","Avis4@hotmail.com",0,20
513,139,"Ad explicabo fuga quia itaque eaque eos dignissimos hic.","2019-04-19","Roscoe_Kling12","Timmy.Yundt89@yahoo.com",0,4
514,139,"Id nisi vel dolor corporis quia at illum.","2018-10-04","Duane16","Jocelyn13@gmail.com",0,9
515,140,"Soluta commodi consequatur tenetur autem.","2018-10-04","Frida_Jacobson","Jailyn_Bashirian@gmail.com",0,8
516,140,"Non saepe ipsa.","2018-10-03","Johan_Fritsch","Myrtle55@hotmail.com",1,13
517,140,"Perferendis in repudiandae et fuga dolorum dolore ex.","2018-09-17","Philip.Cassin","Harold71@gmail.com",1,26
518,141,"Aut est deleniti accusamus est distinctio odit.","2019-04-28","Chasity.Feest65","Justen_Lowe@hotmail.com",0,9